"date","density","temp","speed","Bmag"
01.01.2001 00:00, 0.0,-1.00E+04,289.53,3.744
01.01.2001 01:00, 0.0,-1.00E+04,285.65,3.825
01.01.2001 02:00, 0.0,-1.00E+04,287.13,3.198
01.01.2001 03:00, 0.0,-1.00E+04,284.31,3.66
01.01.2001 04:00, 0.0,-1.00E+04,281.55,4.05
01.01.2001 05:00, 0.0,-1.00E+04,278.91,4.341
01.01.2001 06:00, 0.0,-1.00E+04,276.88,4.58
01.01.2001 07:00, 0.0,-1.00E+04,276.92,4.104
01.01.2001 08:00, 0.0,-1.00E+04,280.16,4.29
01.01.2001 09:00, 0.0,-1.00E+04,279.14,4.494
01.01.2001 10:00, 0.0,-1.00E+04,279.08,4.216
01.01.2001 11:00, 0.0,-1.00E+04,279.77,3.821
01.01.2001 12:00, 0.0,-1.00E+04,282.03,2.706
01.01.2001 13:00, 0.0,-1.00E+04,279.58,2.365
01.01.2001 14:00, 0.0,-1.00E+04,279.33,2.19
01.01.2001 15:00, 0.0,-1.00E+04,273.87,3.151
01.01.2001 16:00, 0.0,-1.00E+04,277.31,5.049
01.01.2001 17:00, 0.0,-1.00E+04,278.28,5.057
01.01.2001 18:00, 0.0,-1.00E+04,281.68,4.968
01.01.2001 19:00, 0.0,-1.00E+04,282.43,3.411
01.01.2001 20:00, 0.0,-1.00E+04,288.19,5.778
01.01.2001 21:00, 0.0,-1.00E+04,285.79,6.488
01.01.2001 22:00, 0.0,-1.00E+04,286.07,6.49
01.01.2001 23:00, 0.0,-1.00E+04,286.01,5.997
02.01.2001 00:00, 0.0,-1.00E+04,280.83,6.295
02.01.2001 01:00, 0.0,-1.00E+04,278.19,5.819
02.01.2001 02:00, 0.0,-1.00E+04,279.96,5.714
02.01.2001 03:00, 0.0,-1.00E+04,280.21,5.339
02.01.2001 04:00, 0.0,-1.00E+04,276.55,5.134
02.01.2001 05:00, 0.0,-1.00E+04,278.68,5.024
02.01.2001 06:00, 0.0,-1.00E+04,277.28,4.828
02.01.2001 07:00, 0.0,-1.00E+04,269.6,4.012
02.01.2001 08:00, 0.0,-1.00E+04,271.23,3.227
02.01.2001 09:00, 0.0,-1.00E+04,270.38,3.419
02.01.2001 10:00, 0.0,-1.00E+04,267.28,3.141
02.01.2001 11:00, 0.0,-1.00E+04,264.61,3.373
02.01.2001 12:00, 0.0,-1.00E+04,272.43,3.639
02.01.2001 13:00, 0.0,-1.00E+04,286.56,4.38
02.01.2001 14:00, 0.0,-1.00E+04,287.95,4.866
02.01.2001 15:00, 0.0,-1.00E+04,290.11,5.847
02.01.2001 16:00, 0.0,-1.00E+04,293.2,6.248
02.01.2001 17:00, 0.0,-1.00E+04,301,7.187
02.01.2001 18:00, 0.0,-1.00E+04,300.48,8.164
02.01.2001 19:00, 0.0,-1.00E+04,298.87,9.52
02.01.2001 20:00,18.611,3.78E+04,309.15,9.686
02.01.2001 21:00,17.379,3.93E+04,328.61,9.905
02.01.2001 22:00,20.887,3.68E+04,333.89,10.156
02.01.2001 23:00,22.791,3.82E+04,328.51,8.774
03.01.2001 00:00,26.987,2.91E+04,336.42,10.334
03.01.2001 01:00,23.011,3.62E+04,331.3,10.939
03.01.2001 02:00,18.948,3.84E+04,333.94,11.327
03.01.2001 03:00,13.337,4.45E+04,341.78,11.662
03.01.2001 04:00,8.822,6.27E+04,344.28,11.36
03.01.2001 05:00,13.272,1.09E+05,357.7,7.467
03.01.2001 06:00,13.264,1.17E+05,365.33,5.955
03.01.2001 07:00,12.035,1.16E+05,354.17,5.997
03.01.2001 08:00,10.978,1.22E+05,350.59,6.869
03.01.2001 09:00,10.828,1.29E+05,346.93,5.805
03.01.2001 10:00,10.239,1.24E+05,352.96,4.194
03.01.2001 11:00,10.664,1.09E+05,343.8,5.943
03.01.2001 12:00,10.929,1.04E+05,343.06,5.885
03.01.2001 13:00,10.768,9.14E+04,346.7,6.647
03.01.2001 14:00,11.049,9.71E+04,356.54,5.855
03.01.2001 15:00,10.751,9.83E+04,361.33,6.129
03.01.2001 16:00,10.515,1.09E+05,360.74,5.733
03.01.2001 17:00,10.646,9.85E+04,366.96,4.981
03.01.2001 18:00,11.396,9.05E+04,367.86,4.959
03.01.2001 19:00,10.647,9.69E+04,356.64,3.302
03.01.2001 20:00,9.85,1.05E+05,357.57,3.233
03.01.2001 21:00,9.162,9.29E+04,357.4,3.568
03.01.2001 22:00,7.942,7.71E+04,369.31,4.512
03.01.2001 23:00,8.694,7.73E+04,382.17,4.822
04.01.2001 00:00,13.281,1.02E+05,401.83,6.151
04.01.2001 01:00,14.624,9.75E+04,399.91,6.284
04.01.2001 02:00,13.252,9.45E+04,393.67,5.762
04.01.2001 03:00,14.218,9.98E+04,395.91,4.994
04.01.2001 04:00,14.76,8.57E+04,389.72,6.033
04.01.2001 05:00,14.252,8.17E+04,384.33,6.64
04.01.2001 06:00,13.745,8.29E+04,377.79,8.633
04.01.2001 07:00,14.266,8.53E+04,390.27,9.05
04.01.2001 08:00,14.669,1.11E+05,403.35,8.999
04.01.2001 09:00,6.257,3.42E+04,408.21,13.444
04.01.2001 10:00,13.072,9.63E+04,401.51,12.172
04.01.2001 11:00,16.667,1.23E+05,414.67,10.459
04.01.2001 12:00,16.681,1.12E+05,419.9,11.783
04.01.2001 13:00,25.477,1.09E+05,425.47,8.236
04.01.2001 14:00,25.574,1.01E+05,429.63,7.356
04.01.2001 15:00,29.263,6.69E+04,429.75,7.021
04.01.2001 16:00,20.31,6.71E+04,431.23,6.9
04.01.2001 17:00,6.687,9.85E+04,424.55,8.983
04.01.2001 18:00,7.246,1.40E+05,420.22,9.083
04.01.2001 19:00,4.207,1.33E+05,412.68,8.706
04.01.2001 20:00,3.991,1.22E+05,407.48,8.236
04.01.2001 21:00,4.299,1.12E+05,399.38,7.4
04.01.2001 22:00,4.452,1.02E+05,396.16,7.359
04.01.2001 23:00,3.961,9.53E+04,399.05,7.462
05.01.2001 00:00,3.901,8.49E+04,407.13,7.464
05.01.2001 01:00,3.868,8.14E+04,394.36,7.222
05.01.2001 02:00,3.922,7.53E+04,392.72,7.057
05.01.2001 03:00,3.301,5.67E+04,398.32,6.909
05.01.2001 04:00,3.075,4.66E+04,395.44,6.878
05.01.2001 05:00,2.995,4.27E+04,392.23,6.615
05.01.2001 06:00,2.837,4.41E+04,395.11,6.024
05.01.2001 07:00,2.496,4.38E+04,390.77,5.616
05.01.2001 08:00,2.746,3.94E+04,388.27,5.477
05.01.2001 09:00,2.718,4.15E+04,383.7,5.464
05.01.2001 10:00,2.98,5.70E+04,395.54,5.321
05.01.2001 11:00,2.729,4.65E+04,404.48,5.437
05.01.2001 12:00,2.739,3.91E+04,410.44,5.499
05.01.2001 13:00,2.798,3.74E+04,418.53,5.471
05.01.2001 14:00,3.067,4.77E+04,412.43,5.444
05.01.2001 15:00,3.548,3.01E+04,417.76,5.602
05.01.2001 16:00,3.108,3.26E+04,396.1,5.421
05.01.2001 17:00,2.537,2.10E+04,379.95,5.346
05.01.2001 18:00,3.277,2.78E+04,421.52,5.072
05.01.2001 19:00,3.3,4.63E+04,410.75,4.586
05.01.2001 20:00,4.235,2.18E+04,413.9,5.323
05.01.2001 21:00,5.503,1.63E+04,431.88,5.942
05.01.2001 22:00,4.966,1.32E+04,411.03,6.69
05.01.2001 23:00,5.428,1.49E+04,411.77,6.726
06.01.2001 00:00,4.889,1.66E+04,407.87,6.528
06.01.2001 01:00,4.716,2.25E+04,409.02,6.63
06.01.2001 02:00,5.221,3.20E+04,403.72,6.476
06.01.2001 03:00,5.849,3.24E+04,407.95,6.565
06.01.2001 04:00,6.009,3.07E+04,402.79,6.615
06.01.2001 05:00,4.952,3.33E+04,387.05,6.641
06.01.2001 06:00,5.73,4.14E+04,395.69,5.848
06.01.2001 07:00,5.97,3.13E+04,394.08,5.759
06.01.2001 08:00,5.622,2.91E+04,389.62,5.633
06.01.2001 09:00,4.867,3.35E+04,382,5.75
06.01.2001 10:00,4.735,2.86E+04,384.86,6.022
06.01.2001 11:00,5.034,2.58E+04,382.85,6.105
06.01.2001 12:00,5.095,1.88E+04,380.63,6.023
06.01.2001 13:00,5.249,2.24E+04,380.87,5.806
06.01.2001 14:00,3.61,2.70E+04,362.5,5.984
06.01.2001 15:00,4.243,2.46E+04,377.64,5.894
06.01.2001 16:00,5.055,1.80E+04,380.48,5.793
06.01.2001 17:00,5.68,1.72E+04,353.5,5.89
06.01.2001 18:00,5.571,1.73E+04,348.51,6.224
06.01.2001 19:00,5.658,1.94E+04,343.81,6.68
06.01.2001 20:00,5.609,1.92E+04,349.09,6.637
06.01.2001 21:00,6.575,1.51E+04,348.05,6.823
06.01.2001 22:00,6.344,1.42E+04,352,6.873
06.01.2001 23:00,6.067,1.30E+04,363.28,7.277
07.01.2001 00:00,6.602,1.30E+04,358.12,7.654
07.01.2001 01:00,6.593,1.20E+04,360.55,7.901
07.01.2001 02:00,6,1.23E+04,357.28,8.067
07.01.2001 03:00,6.426,1.02E+04,351.69,8.509
07.01.2001 04:00,5.866,1.13E+04,348.68,8.68
07.01.2001 05:00,5.544,1.42E+04,347.57,8.89
07.01.2001 06:00,6.933,1.46E+04,352.18,8.078
07.01.2001 07:00,5.576,1.63E+04,354.17,7.945
07.01.2001 08:00,4.84,2.70E+04,359.5,7.952
07.01.2001 09:00,4.957,3.35E+04,358.42,7.676
07.01.2001 10:00,5.348,3.32E+04,357.85,7.393
07.01.2001 11:00,5.492,3.52E+04,360.74,7.364
07.01.2001 12:00,5.488,3.39E+04,365.67,7.147
07.01.2001 13:00,6.103,4.99E+04,367.18,6.595
07.01.2001 14:00,6.251,7.08E+04,370.7,6.134
07.01.2001 15:00,6.542,7.52E+04,366.45,5.797
07.01.2001 16:00,7.177,6.54E+04,386.21,5.748
07.01.2001 17:00,6.939,6.29E+04,371.85,5.715
07.01.2001 18:00,6.406,6.79E+04,367.56,5.641
07.01.2001 19:00,6.511,8.45E+04,355.47,5.686
07.01.2001 20:00,5.885,4.72E+04,364.45,6.138
07.01.2001 21:00,5.564,4.18E+04,369.04,6.536
07.01.2001 22:00,6.298,4.03E+04,366.76,6.456
07.01.2001 23:00,7.565,6.81E+04,371.97,5.327
08.01.2001 00:00,6.62,7.20E+04,384.95,5.3
08.01.2001 01:00,6.062,5.81E+04,386.14,6.027
08.01.2001 02:00,6.591,6.09E+04,392.18,5.955
08.01.2001 03:00,6.036,6.02E+04,387.55,6.022
08.01.2001 04:00,6.069,5.90E+04,389.76,5.911
08.01.2001 05:00,5.849,5.58E+04,388.52,5.811
08.01.2001 06:00,5.585,5.55E+04,384.51,5.844
08.01.2001 07:00,5.622,4.94E+04,381.45,6.631
08.01.2001 08:00,5.179,4.90E+04,394.3,6.47
08.01.2001 09:00,5.582,4.85E+04,395.32,6.847
08.01.2001 10:00,6.115,5.89E+04,398.79,6.719
08.01.2001 11:00,6.696,5.63E+04,397.83,7.161
08.01.2001 12:00,6.85,5.01E+04,374.42,7.418
08.01.2001 13:00,7.715,7.20E+04,390.83,6.582
08.01.2001 14:00,9.744,8.56E+04,389.71,6.242
08.01.2001 15:00,9.793,7.87E+04,405.2,6.555
08.01.2001 16:00,11.544,8.31E+04,397.66,5.363
08.01.2001 17:00,12.368,8.43E+04,398.58,5.815
08.01.2001 18:00,11.778,7.05E+04,400.19,7.067
08.01.2001 19:00,11.637,7.56E+04,407.44,7.428
08.01.2001 20:00,10.364,7.11E+04,410.25,8.224
08.01.2001 21:00,9.442,1.01E+05,407.73,7.309
08.01.2001 22:00,10.311,1.21E+05,400.12,6.35
08.01.2001 23:00,10.231,1.09E+05,409.25,7.004
09.01.2001 00:00,9.801,1.35E+05,414.42,5.395
09.01.2001 01:00,9.228,1.54E+05,402.35,4.579
09.01.2001 02:00,9.196,1.49E+05,404.82,4.935
09.01.2001 03:00,8.715,1.34E+05,408.6,5.958
09.01.2001 04:00,7.913,1.48E+05,417.63,5.266
09.01.2001 05:00,7.006,1.54E+05,435.55,5.226
09.01.2001 06:00,6.927,1.24E+05,425.78,4.322
09.01.2001 07:00,6.341,9.41E+04,414.55,4.241
09.01.2001 08:00,5.348,8.97E+04,409.62,4.478
09.01.2001 09:00,4.625,8.81E+04,407.59,4.369
09.01.2001 10:00,4.487,7.02E+04,409.89,4.033
09.01.2001 11:00,3.835,7.51E+04,398.53,3.142
09.01.2001 12:00,3.604,5.21E+04,402.69,3.56
09.01.2001 13:00,3.746,4.51E+04,388.22,2.456
09.01.2001 14:00,3.39,5.81E+04,403.34,1.735
09.01.2001 15:00,3.807,3.88E+04,391.98,2.403
09.01.2001 16:00,4.903,3.55E+04,395.47,2.703
09.01.2001 17:00,5.15,4.18E+04,384.74,2.017
09.01.2001 18:00,5.591,5.35E+04,397.29,2.995
09.01.2001 19:00,6.497,4.72E+04,390.53,3.5
09.01.2001 20:00,6.909,5.97E+04,386.31,3.825
09.01.2001 21:00,5.957,5.35E+04,386.55,3.96
09.01.2001 22:00,4.701,4.14E+04,376.38,4.743
09.01.2001 23:00,4.663,3.61E+04,369.32,5.04
10.01.2001 00:00,4.424,3.61E+04,366.58,5.328
10.01.2001 01:00,4.635,3.85E+04,359.67,5.212
10.01.2001 02:00, 0.0,-1.00E+04,351.97,4.955
10.01.2001 03:00,5.435,3.70E+04,349.78,4.364
10.01.2001 04:00,5.332,4.30E+04,353.44,4.055
10.01.2001 05:00, 0.0,-1.00E+04,347.06,4.218
10.01.2001 06:00, 0.0,-1.00E+04,356.19,4.362
10.01.2001 07:00, 0.0,-1.00E+04,357.04,4.451
10.01.2001 08:00, 0.0,-1.00E+04,358.38,4.281
10.01.2001 09:00, 0.0,-1.00E+04,359.9,4.25
10.01.2001 10:00, 0.0,-1.00E+04,357.14,3.921
10.01.2001 11:00, 0.0,-1.00E+04,348.7,3.28
10.01.2001 12:00, 0.0,-1.00E+04,352.02,3.121
10.01.2001 13:00, 0.0,-1.00E+04,351.14,3.82
10.01.2001 14:00,5.816,5.16E+04,348.86,3.51
10.01.2001 15:00,11.923,7.71E+04,366.35,5.549
10.01.2001 16:00,13.321,7.77E+04,367.66,6.946
10.01.2001 17:00,10.828,6.35E+04,365.89,6.975
10.01.2001 18:00,14.339,4.77E+04,372.45,7.304
10.01.2001 19:00,19.286,5.04E+04,389.08,8.032
10.01.2001 20:00,5.072,9.17E+04,416.4,9.964
10.01.2001 21:00,7.25,1.29E+05,426.87,7.689
10.01.2001 22:00,7.462,1.13E+05,427.29,7.042
10.01.2001 23:00,7.098,1.62E+05,424.41,6.591
11.01.2001 00:00,6.723,1.57E+05,422.48,7.254
11.01.2001 01:00,5.971,1.30E+05,426.36,7.418
11.01.2001 02:00,4.93,1.24E+05,432.21,6.299
11.01.2001 03:00,3.712,1.12E+05,457.38,4.703
11.01.2001 04:00,3.242,9.49E+04,461.7,4.295
11.01.2001 05:00,3.102,1.11E+05,468.08,3.601
11.01.2001 06:00,3.035,1.27E+05,463.9,3.817
11.01.2001 07:00,2.921,1.09E+05,464.48,4.229
11.01.2001 08:00,2.889,1.03E+05,473.33,4.143
11.01.2001 09:00,2.969,1.23E+05,459.35,3.416
11.01.2001 10:00,2.849,1.24E+05,455.37,3.405
11.01.2001 11:00,3.077,1.09E+05,462.74,3.681
11.01.2001 12:00,3.035,1.10E+05,469.04,3.818
11.01.2001 13:00,3.14,1.01E+05,471.13,4.038
11.01.2001 14:00,3.047,1.07E+05,463.47,4.016
11.01.2001 15:00,2.874,9.99E+04,463.52,4.071
11.01.2001 16:00,2.712,9.39E+04,472.29,4.218
11.01.2001 17:00,2.71,8.44E+04,464.23,4.574
11.01.2001 18:00,2.717,9.33E+04,460.5,4.494
11.01.2001 19:00,2.764,1.10E+05,438.64,4.183
11.01.2001 20:00,2.67,8.71E+04,430.55,5.113
11.01.2001 21:00,2.538,7.21E+04,426.93,5.398
11.01.2001 22:00,2.168,7.56E+04,435.15,5.64
11.01.2001 23:00,2.926,9.96E+04,416.44,5.266
12.01.2001 00:00,2.828,8.23E+04,405.91,5.312
12.01.2001 01:00,2.791,9.54E+04,391.52,5.247
12.01.2001 02:00,2.698,8.33E+04,392.8,5.491
12.01.2001 03:00,2.637,6.03E+04,379.79,5.946
12.01.2001 04:00,2.445,5.37E+04,378.06,5.84
12.01.2001 05:00,2.316,4.83E+04,377.17,5.715
12.01.2001 06:00,2.21,4.09E+04,375.5,5.79
12.01.2001 07:00,2.33,2.69E+04,363.84,5.898
12.01.2001 08:00,2.851,2.18E+04,366.48,6.062
12.01.2001 09:00,3.268,1.93E+04,357.78,5.965
12.01.2001 10:00,2.994,1.99E+04,349.76,6.102
12.01.2001 11:00, 0.0,-1.00E+04,356.48,6.3
12.01.2001 12:00, 0.0,-1.00E+04,354.88,6.428
12.01.2001 13:00, 0.0,-1.00E+04,352.56,6.379
12.01.2001 14:00, 0.0,-1.00E+04,380.36,6.281
12.01.2001 15:00, 0.0,-1.00E+04,379.45,6.352
12.01.2001 16:00, 0.0,-1.00E+04,367.98,6.67
12.01.2001 17:00, 0.0,-1.00E+04,368.55,6.752
12.01.2001 18:00, 0.0,-1.00E+04,354.12,6.819
12.01.2001 19:00, 0.0,-1.00E+04,362.63,6.875
12.01.2001 20:00, 0.0,-1.00E+04,383.42,6.756
12.01.2001 21:00, 0.0,-1.00E+04,386.48,6.502
12.01.2001 22:00, 0.0,-1.00E+04,324.8,6.314
12.01.2001 23:00, 0.0,-1.00E+04,321.87,6.129
13.01.2001 00:00, 0.0,-1.00E+04,335.59,6.33
13.01.2001 01:00,2.779,6.00E+04,371.95,8.279
13.01.2001 02:00,5.954,8.77E+04,420.64,12.576
13.01.2001 03:00,5.918,8.21E+04,423,12.398
13.01.2001 04:00,5.026,1.07E+05,414.83,12.292
13.01.2001 05:00,4.918,9.74E+04,406.57,11.893
13.01.2001 06:00,4.761,1.00E+05,410.55,11.548
13.01.2001 07:00,3.037,1.54E+05,414.48,11.281
13.01.2001 08:00,4.49,1.44E+05,413.65,10.201
13.01.2001 09:00,8.901,8.46E+04,412.8,8.828
13.01.2001 10:00,9.26,8.03E+04,410.51,9.041
13.01.2001 11:00,6.706,7.43E+04,400.85,9.388
13.01.2001 12:00,7.257,7.45E+04,402.08,8.659
13.01.2001 13:00,8.741,6.96E+04,396.33,8.099
13.01.2001 14:00,9.369,5.76E+04,400.93,7.999
13.01.2001 15:00,8.009,5.94E+04,400.99,7.957
13.01.2001 16:00,7.008,6.51E+04,392.5,7.748
13.01.2001 17:00,5.93,7.08E+04,388.79,7.341
13.01.2001 18:00,5.651,7.92E+04,388.3,6.798
13.01.2001 19:00,5.997,8.01E+04,390.07,6.778
13.01.2001 20:00,6.014,6.76E+04,388.9,7.054
13.01.2001 21:00,6.178,6.22E+04,390.74,7.136
13.01.2001 22:00,5.622,7.25E+04,385.19,6.97
13.01.2001 23:00,6.558,7.10E+04,385.72,6.52
14.01.2001 00:00,6.599,5.88E+04,386.46,6.336
14.01.2001 01:00,6.17,5.93E+04,386.76,6.112
14.01.2001 02:00,5.875,7.97E+04,381.2,5.883
14.01.2001 03:00,6.056,8.66E+04,379.01,5.863
14.01.2001 04:00,6.21,6.69E+04,383.49,6.027
14.01.2001 05:00,6.193,7.17E+04,379.35,5.922
14.01.2001 06:00,6.024,6.65E+04,377.86,5.778
14.01.2001 07:00,5.852,6.11E+04,377.55,5.598
14.01.2001 08:00,5.753,5.36E+04,375.74,5.424
14.01.2001 09:00,5.104,6.77E+04,371.47,5.142
14.01.2001 10:00,5.246,5.49E+04,374.42,5.014
14.01.2001 11:00,5.652,3.61E+04,372.12,5.021
14.01.2001 12:00,4.697,5.17E+04,368.55,4.98
14.01.2001 13:00,4.558,5.23E+04,362.05,4.977
14.01.2001 14:00,4.293,3.97E+04,372.35,5.003
14.01.2001 15:00,3.856,4.96E+04,365.29,5.001
14.01.2001 16:00,3.941,5.48E+04,360.82,4.91
14.01.2001 17:00,4.305,4.76E+04,368.43,4.919
14.01.2001 18:00,4.487,2.78E+04,368.5,4.91
14.01.2001 19:00,4.621,2.69E+04,367.52,4.95
14.01.2001 20:00,4.58,3.48E+04,360.79,4.967
14.01.2001 21:00, 0.0,-1.00E+04,352.41,5.032
14.01.2001 22:00, 0.0,-1.00E+04,351.74,4.905
14.01.2001 23:00, 0.0,-1.00E+04,351.34,4.902
15.01.2001 00:00, 0.0,-1.00E+04,347.1,5.039
15.01.2001 01:00, 0.0,-1.00E+04,342.09,5.127
15.01.2001 02:00, 0.0,-1.00E+04,346.97,4.823
15.01.2001 03:00, 0.0,-1.00E+04,348.67,4.818
15.01.2001 04:00, 0.0,-1.00E+04,353.69,4.693
15.01.2001 05:00, 0.0,-1.00E+04,350.17,4.466
15.01.2001 06:00,4.454,3.17E+04,356.95,4.302
15.01.2001 07:00,3.983,4.61E+04,354.56,4.571
15.01.2001 08:00,4.193,3.00E+04,360.29,4.955
15.01.2001 09:00,4.357,2.57E+04,363.45,5.052
15.01.2001 10:00,4.369,3.47E+04,356.04,4.925
15.01.2001 11:00,4.447,3.57E+04,355.55,4.329
15.01.2001 12:00,3.82,4.68E+04,351.58,4.927
15.01.2001 13:00,4.047,3.23E+04,353.98,5.166
15.01.2001 14:00,4.626,3.07E+04,353.66,5.023
15.01.2001 15:00,4.661,3.04E+04,353.57,5.013
15.01.2001 16:00,5.041,2.78E+04,356,4.63
15.01.2001 17:00, 0.0,-1.00E+04,352.41,4.726
15.01.2001 18:00,4.538,6.35E+04,347.7,4.703
15.01.2001 19:00,4.54,5.33E+04,347.23,4.83
15.01.2001 20:00,5.111,4.84E+04,348.32,4.956
15.01.2001 21:00, 0.0,-1.00E+04,343.67,5.053
15.01.2001 22:00, 0.0,-1.00E+04,344.47,5.086
15.01.2001 23:00, 0.0,-1.00E+04,346.75,5.142
16.01.2001 00:00, 0.0,-1.00E+04,344.55,5.269
16.01.2001 01:00, 0.0,-1.00E+04,345.04,5.303
16.01.2001 02:00, 0.0,-1.00E+04,357.6,5.707
16.01.2001 03:00,6.103,5.10E+04,364.25,5.08
16.01.2001 04:00,6.214,5.61E+04,366.66,5.612
16.01.2001 05:00,6.507,6.48E+04,370.11,5.314
16.01.2001 06:00,6.46,5.73E+04,369.89,4.977
16.01.2001 07:00,6.451,6.44E+04,365.21,5.589
16.01.2001 08:00,7.249,6.16E+04,363.54,5.672
16.01.2001 09:00,6.897,5.57E+04,366.45,5.404
16.01.2001 10:00,5.802,5.44E+04,368.95,4.636
16.01.2001 11:00,5.055,4.85E+04,360.41,5.455
16.01.2001 12:00, 0.0,-1.00E+04,354.47,5.559
16.01.2001 13:00,4.899,3.82E+04,358.8,5.89
16.01.2001 14:00,4.722,4.71E+04,354.21,5.967
16.01.2001 15:00,5.003,3.64E+04,355.62,5.893
16.01.2001 16:00,4.935,4.35E+04,350.68,6.065
16.01.2001 17:00,5.216,4.74E+04,349.52,5.961
16.01.2001 18:00,5.907,3.21E+04,350.52,5.999
16.01.2001 19:00,5.351,3.87E+04,341.48,6.082
16.01.2001 20:00,4.946,2.93E+04,349.17,6.074
16.01.2001 21:00,5.819,3.03E+04,346.84,5.755
16.01.2001 22:00,6.697,2.99E+04,335.01,5.756
16.01.2001 23:00,7.297,2.41E+04,329.81,5.569
17.01.2001 00:00,7.248,2.67E+04,330.72,4.936
17.01.2001 01:00, 0.0,-1.00E+04,323.57,4.988
17.01.2001 02:00, 0.0,-1.00E+04,317.94,5.378
17.01.2001 03:00, 0.0,-1.00E+04,319.18,5.24
17.01.2001 04:00, 0.0,-1.00E+04,342.33,7.484
17.01.2001 05:00, 0.0,-1.00E+04,333.66,7.632
17.01.2001 06:00, 0.0,-1.00E+04,343.79,8.644
17.01.2001 07:00, 0.0,-1.00E+04,336.17,7.945
17.01.2001 08:00, 0.0,-1.00E+04,334.4,7.521
17.01.2001 09:00, 0.0,-1.00E+04,335.62,7.956
17.01.2001 10:00, 0.0,-1.00E+04,338.84,8.235
17.01.2001 11:00, 0.0,-1.00E+04,344.71,7.654
17.01.2001 12:00,14.119,5.46E+04,352.37,4.582
17.01.2001 13:00,13.709,4.29E+04,362.86,4.013
17.01.2001 14:00,15.016,3.41E+04,368.27,2.712
17.01.2001 15:00,19.392,6.03E+04,389.39,4.274
17.01.2001 16:00,22.322,1.04E+05,418.1,6.028
17.01.2001 17:00,16.979,1.38E+05,402.24,8.057
17.01.2001 18:00,16.885,1.24E+05,398.35,8.249
17.01.2001 19:00,24.231,8.17E+04,405.15,3.898
17.01.2001 20:00,18.3,7.54E+04,389.91,5.937
17.01.2001 21:00,12.233,8.24E+04,369.37,7.746
17.01.2001 22:00,9.687,8.47E+04,365,8.054
17.01.2001 23:00,8.223,6.57E+04,358.58,7.717
18.01.2001 00:00,9.512,5.57E+04,354.66,7.287
18.01.2001 01:00,8.453,6.07E+04,352.17,6.93
18.01.2001 02:00,7.722,6.12E+04,349.62,6.914
18.01.2001 03:00, 0.0,-1.00E+04,350.67,6.949
18.01.2001 04:00, 0.0,-1.00E+04,343.56,7.233
18.01.2001 05:00,7.382,3.62E+04,346.24,6.92
18.01.2001 06:00,5.505,3.57E+04,349.24,7.454
18.01.2001 07:00,4.82,3.00E+04,350.58,7.511
18.01.2001 08:00,6.1,3.68E+04,352.23,6.569
18.01.2001 09:00,10.628,3.51E+04,365.03,4.56
18.01.2001 10:00,3.76,3.72E+04,342.49,6.329
18.01.2001 11:00,5.82,3.31E+04,341.22,5.685
18.01.2001 12:00,7.72,3.65E+04,360.02,4.53
18.01.2001 13:00,9.119,4.04E+04,368.6,4.035
18.01.2001 14:00,9.227,4.13E+04,372.56,3.929
18.01.2001 15:00,8.782,4.08E+04,369.98,3.946
18.01.2001 16:00,8.969,3.72E+04,364.2,3.778
18.01.2001 17:00,9.907,3.27E+04,355.73,3.285
18.01.2001 18:00,7.011,3.81E+04,353.44,4.161
18.01.2001 19:00,3.863,2.91E+04,344.15,5.75
18.01.2001 20:00,5.615,2.99E+04,353.55,5.464
18.01.2001 21:00,4.892,2.94E+04,350.32,5.869
18.01.2001 22:00,4.831,3.52E+04,351.6,6.376
18.01.2001 23:00,4.29,3.94E+04,349.76,6.288
19.01.2001 00:00,4.685,3.71E+04,352.2,6.195
19.01.2001 01:00,3.365,3.53E+04,346.31,6.404
19.01.2001 02:00,9.279,3.97E+04,340.83,3.651
19.01.2001 03:00,13.13,2.51E+04,339.51,2.37
19.01.2001 04:00,13.719,1.78E+04,343.15,2.54
19.01.2001 05:00,7.857,3.72E+04,340.8,2.884
19.01.2001 06:00,6.194,4.25E+04,337.33,3.091
19.01.2001 07:00,9.461,2.08E+04,344.83,2.415
19.01.2001 08:00,11.098,1.63E+04,343.69,2.25
19.01.2001 09:00,9.513,2.01E+04,341.57,2.243
19.01.2001 10:00,8.266,2.17E+04,339.71,2.328
19.01.2001 11:00,8.827,2.51E+04,339.14,2.128
19.01.2001 12:00,9.819,2.68E+04,339.59,2.214
19.01.2001 13:00,9.026,2.60E+04,338.35,2.323
19.01.2001 14:00,9.067,2.66E+04,335.89,1.287
19.01.2001 15:00, 0.0,-1.00E+04,334.67,2.241
19.01.2001 16:00, 0.0,-1.00E+04,333.44,2.883
19.01.2001 17:00, 0.0,-1.00E+04,328.23,3.201
19.01.2001 18:00, 0.0,-1.00E+04,333.37,3.888
19.01.2001 19:00, 0.0,-1.00E+04,337.44,3.713
19.01.2001 20:00, 0.0,-1.00E+04,331.63,3.977
19.01.2001 21:00, 0.0,-1.00E+04,325.55,3.949
19.01.2001 22:00, 0.0,-1.00E+04,322.8,4.155
19.01.2001 23:00, 0.0,-1.00E+04,322.83,4.829
20.01.2001 00:00, 0.0,-1.00E+04,319.39,4.281
20.01.2001 01:00, 0.0,-1.00E+04,313.97,3.819
20.01.2001 02:00, 0.0,-1.00E+04,310.08,3.671
20.01.2001 03:00, 0.0,-1.00E+04,310.28,2.99
20.01.2001 04:00, 0.0,-1.00E+04,307.53,3.923
20.01.2001 05:00, 0.0,-1.00E+04,302.97,6.267
20.01.2001 06:00, 0.0,-1.00E+04,300.01,6.65
20.01.2001 07:00, 0.0,-1.00E+04,302.01,6.273
20.01.2001 08:00, 0.0,-1.00E+04,300.28,7.299
20.01.2001 09:00, 0.0,-1.00E+04,302.66,7.688
20.01.2001 10:00, 0.0,-1.00E+04,310.49,7.329
20.01.2001 11:00, 0.0,-1.00E+04,315.24,7.172
20.01.2001 12:00, 0.0,-1.00E+04,315.05,6.489
20.01.2001 13:00, 0.0,-1.00E+04,313.02,6.589
20.01.2001 14:00, 0.0,-1.00E+04,314.23,6.286
20.01.2001 15:00, 0.0,-1.00E+04,313.02,6.117
20.01.2001 16:00, 0.0,-1.00E+04,306.98,5.457
20.01.2001 17:00, 0.0,-1.00E+04,308.44,5.114
20.01.2001 18:00, 0.0,-1.00E+04,306.91,4.659
20.01.2001 19:00, 0.0,-1.00E+04,312.93,6.574
20.01.2001 20:00, 0.0,-1.00E+04,310.36,7.052
20.01.2001 21:00, 0.0,-1.00E+04,313.91,6.585
20.01.2001 22:00, 0.0,-1.00E+04,308.3,6.05
20.01.2001 23:00, 0.0,-1.00E+04,305.73,6.851
21.01.2001 00:00, 0.0,-1.00E+04,296.8,7.634
21.01.2001 01:00, 0.0,-1.00E+04,309.98,8.064
21.01.2001 02:00, 0.0,-1.00E+04,316.37,7.084
21.01.2001 03:00, 0.0,-1.00E+04,308.62,7.982
21.01.2001 04:00, 0.0,-1.00E+04,311.4,8.296
21.01.2001 05:00, 0.0,-1.00E+04,310.46,9.437
21.01.2001 06:00, 0.0,-1.00E+04,310.09,10.188
21.01.2001 07:00, 0.0,-1.00E+04,312.34,10.254
21.01.2001 08:00, 0.0,-1.00E+04,309.12,9.719
21.01.2001 09:00, 0.0,-1.00E+04,307.51,10.615
21.01.2001 10:00, 0.0,-1.00E+04,310.07,12.13
21.01.2001 11:00, 0.0,-1.00E+04,305.05,11.523
21.01.2001 12:00, 0.0,-1.00E+04,298.89,10.446
21.01.2001 13:00, 0.0,-1.00E+04,311.87,10.424
21.01.2001 14:00, 0.0,-1.00E+04,319.61,12.839
21.01.2001 15:00, 0.0,-1.00E+04,317.85,13.137
21.01.2001 16:00,13.813,5.56E+04,322.8,12.39
21.01.2001 17:00,15.422,5.33E+04,328.31,10.739
21.01.2001 18:00,20.419,4.43E+04,333.89,12.574
21.01.2001 19:00,30.967,3.99E+04,351.3,14.407
21.01.2001 20:00,48.846,2.44E+04,354.48,13.723
21.01.2001 21:00,53.744,3.83E+04,354.29,13.833
21.01.2001 22:00,23.178,1.06E+05,359.63,14.036
21.01.2001 23:00,17.742,1.26E+05,364.89,13.797
22.01.2001 00:00,17.761,1.16E+05,372.3,15.447
22.01.2001 01:00,20.019,1.26E+05,376.59,15.509
22.01.2001 02:00,17.588,1.23E+05,371.58,14.139
22.01.2001 03:00,15.285,1.06E+05,359.79,15.167
22.01.2001 04:00,14.403,1.11E+05,378.65,14.759
22.01.2001 05:00,17.441,1.44E+05,396.67,12.496
22.01.2001 06:00,15.194,1.36E+05,407.26,11.15
22.01.2001 07:00,12.911,1.42E+05,424.96,8.538
22.01.2001 08:00,13.283,1.26E+05,428.53,8.567
22.01.2001 09:00,11.471,1.23E+05,437.44,9.978
22.01.2001 10:00,9.322,1.09E+05,432.17,10.138
22.01.2001 11:00,8.056,1.24E+05,435.75,8.773
22.01.2001 12:00,7.424,1.86E+05,470.11,6.15
22.01.2001 13:00,7.948,1.52E+05,467.73,6.727
22.01.2001 14:00,6.994,1.50E+05,474.61,6.92
22.01.2001 15:00,6.57,1.81E+05,485.94,6.672
22.01.2001 16:00,6.214,1.86E+05,476.97,6.078
22.01.2001 17:00,5.393,1.84E+05,488.77,6.211
22.01.2001 18:00,5.304,1.72E+05,485.34,6.266
22.01.2001 19:00,4.98,1.71E+05,479.47,4.646
22.01.2001 20:00,5.346,1.31E+05,486.82,5.008
22.01.2001 21:00,5.038,1.19E+05,469.18,4.022
22.01.2001 22:00,4.481,1.23E+05,462.61,3.117
22.01.2001 23:00,3.945,1.13E+05,450.1,3.51
23.01.2001 00:00,4.343,9.08E+04,458.64,3.342
23.01.2001 01:00,4.534,8.57E+04,464.96,3.884
23.01.2001 02:00,4.3,9.49E+04,462.91,3.645
23.01.2001 03:00,4.005,8.93E+04,455.42,3.9
23.01.2001 04:00,3.761,9.08E+04,449.4,3.852
23.01.2001 05:00,3.831,8.41E+04,449.89,3.592
23.01.2001 06:00,3.411,6.87E+04,426.62,3.704
23.01.2001 07:00,4.063,5.33E+04,415.35,3.959
23.01.2001 08:00,3.025,7.61E+04,408.41,3.753
23.01.2001 09:00,2.911,7.67E+04,412.26,4.048
23.01.2001 10:00,11.991,3.46E+05,533.59,7.378
23.01.2001 11:00,10.372,1.69E+05,551.64,12.331
23.01.2001 12:00,13.28,2.45E+05,537.39,9.625
23.01.2001 13:00,14.737,1.82E+05,536.01,9.37
23.01.2001 14:00,14.462,2.55E+05,513.9,6.405
23.01.2001 15:00,14.489,2.48E+05,505.84,7.827
23.01.2001 16:00,13.796,2.30E+05,501.6,7.356
23.01.2001 17:00,15.18,2.17E+05,500.18,8.058
23.01.2001 18:00,16.246,1.94E+05,511.31,7.636
23.01.2001 19:00,14.889,1.71E+05,482.33,8.173
23.01.2001 20:00,17.834,1.17E+05,487.74,6.472
23.01.2001 21:00,18.81,9.34E+04,481.46,5.914
23.01.2001 22:00,20.792,9.74E+04,470.31,3.723
23.01.2001 23:00,19.591,9.13E+04,468.58,4.627
24.01.2001 00:00,16.19,7.33E+04,470.71,7.272
24.01.2001 01:00,15.621,6.85E+04,455.45,6.082
24.01.2001 02:00,18.195,5.34E+04,443.73,5.142
24.01.2001 03:00,14.151,4.80E+04,437.75,4.325
24.01.2001 04:00,10.438,4.71E+04,432.43,4.534
24.01.2001 05:00,8.27,4.75E+04,423.12,4.162
24.01.2001 06:00,6.335,4.77E+04,412.27,4.099
24.01.2001 07:00,5.222,4.40E+04,406.04,3.581
24.01.2001 08:00,5.264,3.52E+04,402.93,3.504
24.01.2001 09:00,3.672,1.64E+04,406.55,5.444
24.01.2001 10:00,2.857,1.27E+04,428.33,6.512
24.01.2001 11:00,3.146,1.04E+04,433.96,6.838
24.01.2001 12:00,3.396,1.12E+04,437.8,7.066
24.01.2001 13:00,5.559,2.17E+04,442.86,6.751
24.01.2001 14:00,4.445,2.84E+04,444.86,6.694
24.01.2001 15:00,4.471,3.21E+04,447.58,6.347
24.01.2001 16:00,5.057,3.34E+04,444.05,6.308
24.01.2001 17:00,4.096,2.36E+04,435.97,6.497
24.01.2001 18:00,7.529,1.69E+04,437.81,5.039
24.01.2001 19:00,8.659,2.03E+04,429.6,4.12
24.01.2001 20:00,8.002,2.83E+04,424.23,3.739
24.01.2001 21:00,5.551,1.59E+04,420.43,4.512
24.01.2001 22:00,7.224,9.49E+03,424.74,4.919
24.01.2001 23:00,7.587,1.56E+04,416.87,4.986
25.01.2001 00:00,8.591,3.01E+04,422.87,4.106
25.01.2001 01:00,8.912,3.30E+04,413.73,3.324
25.01.2001 02:00,7.701,3.46E+04,413.95,3.38
25.01.2001 03:00,6.321,3.20E+04,414.57,3.936
25.01.2001 04:00,6.811,3.10E+04,410.32,2.901
25.01.2001 05:00,6.938,2.41E+04,407.94,2.777
25.01.2001 06:00,5.982,2.02E+04,402.17,3.435
25.01.2001 07:00,5.035,1.58E+04,404,3.152
25.01.2001 08:00,4.318,1.83E+04,399.02,3.145
25.01.2001 09:00,3.809,2.26E+04,393.18,2.949
25.01.2001 10:00,4.743,1.12E+04,385.58,2.979
25.01.2001 11:00,5.114,9.17E+03,383,3.595
25.01.2001 12:00,5.271,9.56E+03,377.99,3.74
25.01.2001 13:00,5.106,1.15E+04,370.86,3.21
25.01.2001 14:00,4.258,7.82E+03,366.19,3.429
25.01.2001 15:00,3.779,1.59E+04,372.18,3.599
25.01.2001 16:00,4.641,1.42E+04,373.7,3.766
25.01.2001 17:00,5.474,1.52E+04,371.79,3.84
25.01.2001 18:00,4.959,1.53E+04,367.5,4.018
25.01.2001 19:00,5.057,2.04E+04,362.57,3.955
25.01.2001 20:00,5.576,2.51E+04,357.38,3.559
25.01.2001 21:00,5.378,3.00E+04,348.9,2.955
25.01.2001 22:00, 0.0,-1.00E+04,329.54,2.674
25.01.2001 23:00,5.009,2.81E+04,344.05,3.527
26.01.2001 00:00,5.926,2.69E+04,346.24,3.781
26.01.2001 01:00,6.954,2.08E+04,355.98,4.069
26.01.2001 02:00,4.476,1.64E+04,358.7,5.041
26.01.2001 03:00,4.14,1.35E+04,358.82,5.407
26.01.2001 04:00,2.967,1.87E+04,358.49,5.715
26.01.2001 05:00,5.037,1.65E+04,358.46,5.469
26.01.2001 06:00,3.27,2.83E+04,355.2,6.126
26.01.2001 07:00,4.022,2.74E+04,355.6,6.683
26.01.2001 08:00,5.011,3.00E+04,351.17,7.069
26.01.2001 09:00,4.642,2.07E+04,352.47,7.297
26.01.2001 10:00,4.737,2.35E+04,349.97,6.826
26.01.2001 11:00, 0.0,-1.00E+04,340.83,6.217
26.01.2001 12:00, 0.0,-1.00E+04,331.64,5.506
26.01.2001 13:00, 0.0,-1.00E+04,327.1,4.548
26.01.2001 14:00, 0.0,-1.00E+04,317.37,3.18
26.01.2001 15:00, 0.0,-1.00E+04,331.59,4.355
26.01.2001 16:00, 0.0,-1.00E+04,333.9,3.999
26.01.2001 17:00, 0.0,-1.00E+04,319.78,3.412
26.01.2001 18:00, 0.0,-1.00E+04,326.29,4.632
26.01.2001 19:00, 0.0,-1.00E+04,327.31,5.487
26.01.2001 20:00, 0.0,-1.00E+04,334.37,5.558
26.01.2001 21:00, 0.0,-1.00E+04,337.74,4.71
26.01.2001 22:00, 0.0,-1.00E+04,331.44,4.013
26.01.2001 23:00, 0.0,-1.00E+04,328.8,4.513
27.01.2001 00:00, 0.0,-1.00E+04,323.85,4.512
27.01.2001 01:00, 0.0,-1.00E+04,320.37,4.91
27.01.2001 02:00, 0.0,-1.00E+04,317.52,5.213
27.01.2001 03:00, 0.0,-1.00E+04,311.78,5.246
27.01.2001 04:00, 0.0,-1.00E+04,313.46,5.249
27.01.2001 05:00, 0.0,-1.00E+04,323.7,5.163
27.01.2001 06:00, 0.0,-1.00E+04,326.2,5.159
27.01.2001 07:00, 0.0,-1.00E+04,321.92,4.895
27.01.2001 08:00, 0.0,-1.00E+04,326.03,4.56
27.01.2001 09:00, 0.0,-1.00E+04,307.77,4.515
27.01.2001 10:00, 0.0,-1.00E+04,301.13,4.418
27.01.2001 11:00, 0.0,-1.00E+04,302.2,4.577
27.01.2001 12:00, 0.0,-1.00E+04, 0.0,4.387
27.01.2001 13:00, 0.0,-1.00E+04, 0.0,4.384
27.01.2001 14:00, 0.0,-1.00E+04,303.44,4.407
27.01.2001 15:00, 0.0,-1.00E+04,305.62,4.854
27.01.2001 16:00, 0.0,-1.00E+04,304.5,4.847
27.01.2001 17:00, 0.0,-1.00E+04,305.96,4.976
27.01.2001 18:00, 0.0,-1.00E+04,301.63,4.758
27.01.2001 19:00, 0.0,-1.00E+04,300.85,4.768
27.01.2001 20:00, 0.0,-1.00E+04,304.74,4.454
27.01.2001 21:00, 0.0,-1.00E+04,316.26,4.598
27.01.2001 22:00, 0.0,-1.00E+04,326.67,4.799
27.01.2001 23:00, 0.0,-1.00E+04,301.82,4.976
28.01.2001 00:00, 0.0,-1.00E+04,300.05,4.999
28.01.2001 01:00, 0.0,-1.00E+04,296.9,4.879
28.01.2001 02:00, 0.0,-1.00E+04,296.77,5.232
28.01.2001 03:00, 0.0,-1.00E+04,294.84,5.94
28.01.2001 04:00, 0.0,-1.00E+04,297.09,6.017
28.01.2001 05:00, 0.0,-1.00E+04,293.14,6.255
28.01.2001 06:00, 0.0,-1.00E+04,292.8,6.105
28.01.2001 07:00, 0.0,-1.00E+04,291.17,6.349
28.01.2001 08:00, 0.0,-1.00E+04,293.68,6.388
28.01.2001 09:00, 0.0,-1.00E+04,298.33,5.732
28.01.2001 10:00, 0.0,-1.00E+04,299.15,5.268
28.01.2001 11:00, 0.0,-1.00E+04,311.15,5.909
28.01.2001 12:00, 0.0,-1.00E+04,311.42,4.797
28.01.2001 13:00, 0.0,-1.00E+04,308.55,5.131
28.01.2001 14:00, 0.0,-1.00E+04,313.42,4.249
28.01.2001 15:00, 0.0,-1.00E+04,318.39,5.371
28.01.2001 16:00, 0.0,-1.00E+04,322.28,8.781
28.01.2001 17:00, 0.0,-1.00E+04,322.02,6.079
28.01.2001 18:00, 0.0,-1.00E+04,318.96,7.532
28.01.2001 19:00, 0.0,-1.00E+04,327.68,13.028
28.01.2001 20:00, 0.0,-1.00E+04,335.85,13.485
28.01.2001 21:00,23.177,4.80E+04,358.54,13.537
28.01.2001 22:00,25.91,4.02E+04,375.06,15.086
28.01.2001 23:00,27.269,6.00E+04,367.17,13.64
29.01.2001 00:00,26.409,7.10E+04,364.28,13.843
29.01.2001 01:00,18.337,6.15E+04,363.05,14.597
29.01.2001 02:00,17.269,5.63E+04,373.01,13.662
29.01.2001 03:00,17.955,4.48E+04,377.37,13.036
29.01.2001 04:00,18.494,4.94E+04,380.51,12.48
29.01.2001 05:00,9.215,8.85E+04,389.62,12.752
29.01.2001 06:00,8.154,1.14E+05,394.14,11.43
29.01.2001 07:00,7.653,1.28E+05,400.81,11.44
29.01.2001 08:00,7.935,1.27E+05,396.05,11.177
29.01.2001 09:00,7.842,1.15E+05,393.95,10.598
29.01.2001 10:00,7.39,1.11E+05,389.01,9.427
29.01.2001 11:00,6.622,7.60E+04,393.65,9.292
29.01.2001 12:00,7.262,8.14E+04,395.94,8.757
29.01.2001 13:00,8.163,1.10E+05,415.94,6.612
29.01.2001 14:00,8.403,1.04E+05,423.61,6.902
29.01.2001 15:00,6.995,8.53E+04,425.02,7.352
29.01.2001 16:00,6.709,7.29E+04,430.36,6.937
29.01.2001 17:00,5.624,8.92E+04,449.61,5.346
29.01.2001 18:00,4.261,7.71E+04,466.9,4.137
29.01.2001 19:00,4.304,9.09E+04,459.16,3.847
29.01.2001 20:00,4.614,8.15E+04,455.38,4.116
29.01.2001 21:00,4.924,8.47E+04,453.57,4.706
29.01.2001 22:00,5.146,7.53E+04,454.6,4.859
29.01.2001 23:00,5.425,6.96E+04,460.19,4.521
30.01.2001 00:00,5.626,8.90E+04,450.44,4.724
30.01.2001 01:00,6.201,8.52E+04,449.55,4.873
30.01.2001 02:00,6.385,8.35E+04,444.15,4.816
30.01.2001 03:00,6.057,8.49E+04,447.34,4.536
30.01.2001 04:00,6.702,6.74E+04,444.21,4.874
30.01.2001 05:00,6.494,6.67E+04,445.7,4.453
30.01.2001 06:00,6.4,6.53E+04,445.57,4.572
30.01.2001 07:00,6.659,5.95E+04,444.37,4.698
30.01.2001 08:00,6.519,6.26E+04,438.5,4.644
30.01.2001 09:00,6.385,7.49E+04,431.38,4.558
30.01.2001 10:00,6.554,6.09E+04,433.15,4.856
30.01.2001 11:00,6.907,4.97E+04,433.37,5.079
30.01.2001 12:00,6.909,5.40E+04,434.05,4.551
30.01.2001 13:00,5.689,5.51E+04,430.48,4.661
30.01.2001 14:00,4.835,6.66E+04,417.51,4.834
30.01.2001 15:00,4.85,6.73E+04,406.02,4.866
30.01.2001 16:00,5.107,7.44E+04,404.86,4.91
30.01.2001 17:00,4.291,9.36E+04,401.04,5.354
30.01.2001 18:00,4.519,7.37E+04,396.15,5.5
30.01.2001 19:00,4.967,6.92E+04,390.95,5.409
30.01.2001 20:00,4.535,7.89E+04,390.5,5.583
30.01.2001 21:00,4.883,6.50E+04,388.31,5.683
30.01.2001 22:00,4.88,8.03E+04,387.53,5.663
30.01.2001 23:00,4.944,8.60E+04,385.15,5.697
31.01.2001 00:00,5.022,8.83E+04,382.4,5.864
31.01.2001 01:00,4.888,8.42E+04,380.84,6.213
31.01.2001 02:00,4.725,9.38E+04,378.5,5.997
31.01.2001 03:00,5.065,9.02E+04,375.53,6.015
31.01.2001 04:00,4.872,8.03E+04,372.78,5.505
31.01.2001 05:00,5.09,8.92E+04,370.86,5.492
31.01.2001 06:00,5.001,7.52E+04,370.87,5.563
31.01.2001 07:00,12.081,1.29E+05,410.42,9.953
31.01.2001 08:00,15.619,1.89E+05,458.36,13.403
31.01.2001 09:00,15.149,2.04E+05,444.1,12.358
31.01.2001 10:00,17.146,1.82E+05,456.14,9.914
31.01.2001 11:00,13.453,1.64E+05,448.12,10.799
31.01.2001 12:00,17.711,1.31E+05,446.05,9.5
31.01.2001 13:00,16.109,1.47E+05,428.15,9.19
31.01.2001 14:00,14.814,1.39E+05,424.01,9.407
31.01.2001 15:00,12.322,1.39E+05,420.37,9.036
31.01.2001 16:00,11.957,1.34E+05,414.24,7.873
31.01.2001 17:00,10.512,1.48E+05,417.09,7.511
31.01.2001 18:00,10.755,1.49E+05,414.25,5.742
31.01.2001 19:00,10.641,1.34E+05,410.59,5.337
31.01.2001 20:00,9.903,1.24E+05,402.86,6.336
31.01.2001 21:00,10.413,1.16E+05,402.5,5.973
31.01.2001 22:00,14.457,8.52E+04,415.94,4.845
31.01.2001 23:00,12.361,1.02E+05,396.4,5.635
01.02.2001 00:00,11.857,8.77E+04,402.2,4.645
01.02.2001 01:00,10.977,1.01E+05,404.32,3.906
01.02.2001 02:00,10.151,9.88E+04,404.19,4.925
01.02.2001 03:00,10.781,8.87E+04,411.49,5.205
01.02.2001 04:00,10.213,8.16E+04,409.01,5.725
01.02.2001 05:00,9.124,8.46E+04,408.18,5.901
01.02.2001 06:00,8.637,8.03E+04,403.88,7.436
01.02.2001 07:00,8.276,7.92E+04,399.9,7.375
01.02.2001 08:00,7.332,7.29E+04,406.72,6.76
01.02.2001 09:00,8.376,5.62E+04,419.18,5.879
01.02.2001 10:00,6.889,4.26E+04,421.47,6.585
01.02.2001 11:00,8.065,3.81E+04,403.59,5.192
01.02.2001 12:00,9.76,3.95E+04,410.9,4.228
01.02.2001 13:00,8.665,4.98E+04,413.47,4.328
01.02.2001 14:00,8.141,4.15E+04,405.83,3.056
01.02.2001 15:00,7.879,4.84E+04,407.97,3.41
01.02.2001 16:00,7.86,4.12E+04,407.77,3.886
01.02.2001 17:00,7.169,2.90E+04,405.43,4.837
01.02.2001 18:00,8.227,2.59E+04,403.76,5.14
01.02.2001 19:00,6.42,3.33E+04,404.34,6.234
01.02.2001 20:00,5.257,5.90E+04,426.37,5.922
01.02.2001 21:00,5.014,8.52E+04,428.73,5.01
01.02.2001 22:00,4.995,8.27E+04,432.26,4.585
01.02.2001 23:00,4.662,8.11E+04,431.85,4.683
02.02.2001 00:00,4.092,9.02E+04,426.04,4.857
02.02.2001 01:00,4.987,7.36E+04,425.59,4.755
02.02.2001 02:00,5.577,9.17E+04,419.33,4.118
02.02.2001 03:00,4.959,9.52E+04,418.7,3.994
02.02.2001 04:00,4.6,8.27E+04,415.56,3.911
02.02.2001 05:00,4.774,5.59E+04,418.82,3.746
02.02.2001 06:00,4.551,5.56E+04,426.25,3.478
02.02.2001 07:00,4.645,5.73E+04,419.65,3.641
02.02.2001 08:00,4.854,5.40E+04,414.49,3.239
02.02.2001 09:00,4.858,5.45E+04,416.04,2.88
02.02.2001 10:00,3.722,7.24E+04,402.6,2.904
02.02.2001 11:00,3.472,7.33E+04,395.87,2.91
02.02.2001 12:00,3.102,4.60E+04,395.85,2.92
02.02.2001 13:00,2.969,5.02E+04,395.56,2.863
02.02.2001 14:00,3.091,5.29E+04,393.35,2.322
02.02.2001 15:00,3.417,5.07E+04,399.22,2.063
02.02.2001 16:00,3.39,4.29E+04,392.91,2.25
02.02.2001 17:00,3.345,3.86E+04,386.3,2.35
02.02.2001 18:00,3.379,4.30E+04,389.26,2.622
02.02.2001 19:00,3.292,3.39E+04,379.53,2.449
02.02.2001 20:00,3.126,3.18E+04,373.42,2.9
02.02.2001 21:00,3.149,4.08E+04,363.36,2.807
02.02.2001 22:00,3.244,3.54E+04,364.99,2.748
02.02.2001 23:00,3.398,2.85E+04,364.58,2.942
03.02.2001 00:00,3.306,2.67E+04,362.61,3.011
03.02.2001 01:00,3.298,3.66E+04,355.72,3.229
03.02.2001 02:00,3.505,3.35E+04,357.59,3.364
03.02.2001 03:00,3.502,3.18E+04,358.93,3.487
03.02.2001 04:00,3.155,2.86E+04,358.49,3.656
03.02.2001 05:00,3.555,2.48E+04,357.64,3.26
03.02.2001 06:00,3.465,2.62E+04,358.4,3.271
03.02.2001 07:00,3.413,3.85E+04,354.14,3.009
03.02.2001 08:00,3.401,4.49E+04,347.52,3.325
03.02.2001 09:00, 0.0,-1.00E+04,348.59,2.947
03.02.2001 10:00, 0.0,-1.00E+04,354.39,2.937
03.02.2001 11:00, 0.0,-1.00E+04,354.53,3.258
03.02.2001 12:00, 0.0,-1.00E+04,351.7,3.323
03.02.2001 13:00, 0.0,-1.00E+04,361.66,3.532
03.02.2001 14:00, 0.0,-1.00E+04,360.59,3.914
03.02.2001 15:00, 0.0,-1.00E+04,348.33,4.089
03.02.2001 16:00, 0.0,-1.00E+04,345.86,3.838